month,time_window,facility_type,facility,spaces,occupied
2023-01,Weekday afternoon,On-street,Zone 1,468,201
2023-01,Weekday afternoon,On-street,Zone 2,320,167
2023-01,Weekday afternoon,On-street,Zone 3,415,148
2023-01,Weekday afternoon,Ramps,Ramp 2,739,217
2023-01,Weekday afternoon,Ramps,Ramp 3,505,185
2023-01,Weekday afternoon,Surface lots,Lot 1,117,71
2023-01,Weekday afternoon,Surface lots,Lot 13,27,22
2023-01,Weekday afternoon,Surface lots,Lot 20,36,14
2023-01,Weekday afternoon,Surface lots,Lot 5,77,20
2023-01,Weekday afternoon,Surface lots,Lot 6,36,9
2023-01,Weekday afternoon,Surface lots,Lot 9,55,26
2023-01,Weekday evening,On-street,Zone 1,468,207
2023-01,Weekday evening,On-street,Zone 2,320,173
2023-01,Weekday evening,On-street,Zone 3,415,134
2023-01,Weekday evening,Ramps,Ramp 2,739,138
2023-01,Weekday evening,Ramps,Ramp 3,505,159
2023-01,Weekday evening,Surface lots,Lot 1,117,39
2023-01,Weekday evening,Surface lots,Lot 13,27,12
2023-01,Weekday evening,Surface lots,Lot 20,36,8
2023-01,Weekday evening,Surface lots,Lot 5,77,14
2023-01,Weekday evening,Surface lots,Lot 6,36,1
2023-01,Weekday evening,Surface lots,Lot 9,55,12
2023-01,Weekend evening,On-street,Zone 2,320,181
2023-01,Weekend evening,On-street,Zone 3,415,129
2023-01,Weekend evening,Ramps,Ramp 2,739,74
2023-01,Weekend evening,Ramps,Ramp 3,505,121
2023-01,Weekend evening,Surface lots,Lot 1,117,37
2023-01,Weekend evening,Surface lots,Lot 13,27,9
2023-01,Weekend evening,Surface lots,Lot 20,36,6
2023-01,Weekend evening,Surface lots,Lot 5,77,12
2023-01,Weekend evening,Surface lots,Lot 6,36,1
2023-01,Weekend evening,Surface lots,Lot 9,55,8
2023-02,Weekday afternoon,On-street,Zone 1,468,216
2023-02,Weekday afternoon,On-street,Zone 2,320,183
2023-02,Weekday afternoon,On-street,Zone 3,415,164
2023-02,Weekday afternoon,Ramps,Ramp 2,739,254
2023-02,Weekday afternoon,Ramps,Ramp 3,505,173
2023-02,Weekday afternoon,Surface lots,Lot 1,117,82
2023-02,Weekday afternoon,Surface lots,Lot 13,27,13
2023-02,Weekday afternoon,Surface lots,Lot 20,36,5
2023-02,Weekday afternoon,Surface lots,Lot 5,77,15
2023-02,Weekday afternoon,Surface lots,Lot 6,36,14
2023-02,Weekday afternoon,Surface lots,Lot 9,55,30
2023-02,Weekday evening,On-street,Zone 1,468,221
2023-02,Weekday evening,On-street,Zone 2,320,195
2023-02,Weekday evening,On-street,Zone 3,415,14
2023-02,Weekday evening,Ramps,Ramp 2,739,51
2023-02,Weekday evening,Ramps,Ramp 3,505,91
2023-02,Weekday evening,Surface lots,Lot 1,117,10
2023-02,Weekday evening,Surface lots,Lot 13,27,3
2023-02,Weekday evening,Surface lots,Lot 20,36,8
2023-02,Weekday evening,Surface lots,Lot 5,77,13
2023-02,Weekday evening,Surface lots,Lot 6,36,6
2023-02,Weekday evening,Surface lots,Lot 9,55,14
2023-02,Weekend evening,On-street,Zone 1,468,226
2023-02,Weekend evening,On-street,Zone 2,320,207
2023-02,Weekend evening,On-street,Zone 3,415,151
2023-02,Weekend evening,Ramps,Ramp 2,739,157
2023-02,Weekend evening,Ramps,Ramp 3,505,150
2023-02,Weekend evening,Surface lots,Lot 1,117,36
2023-02,Weekend evening,Surface lots,Lot 13,27,14
2023-02,Weekend evening,Surface lots,Lot 20,36,6
2023-02,Weekend evening,Surface lots,Lot 5,77,12
2023-02,Weekend evening,Surface lots,Lot 6,36,1
2023-02,Weekend evening,Surface lots,Lot 9,55,7
2023-03,Weekday afternoon,On-street,Zone 1,468,213
2023-03,Weekday afternoon,On-street,Zone 2,320,117
2023-03,Weekday afternoon,On-street,Zone 3,415,194
2023-03,Weekday afternoon,Ramps,Ramp 2,739,228
2023-03,Weekday afternoon,Ramps,Ramp 3,505,148
2023-03,Weekday afternoon,Surface lots,Lot 1,117,67
2023-03,Weekday afternoon,Surface lots,Lot 13,27,22
2023-03,Weekday afternoon,Surface lots,Lot 20,36,3
2023-03,Weekday afternoon,Surface lots,Lot 5,77,21
2023-03,Weekday afternoon,Surface lots,Lot 6,36,16
2023-03,Weekday afternoon,Surface lots,Lot 9,55,25
2023-03,Weekday evening,On-street,Zone 1,468,180
2023-03,Weekday evening,On-street,Zone 2,320,157
2023-03,Weekday evening,On-street,Zone 3,415,131
2023-03,Weekday evening,Ramps,Ramp 2,739,80
2023-03,Weekday evening,Ramps,Ramp 3,505,78
2023-03,Weekday evening,Surface lots,Lot 1,117,26
2023-03,Weekday evening,Surface lots,Lot 13,27,10
2023-03,Weekday evening,Surface lots,Lot 20,36,2
2023-03,Weekday evening,Surface lots,Lot 5,77,21
2023-03,Weekday evening,Surface lots,Lot 6,36,1
2023-03,Weekday evening,Surface lots,Lot 9,55,15
2023-03,Weekend evening,On-street,Zone 1,468,201
2023-03,Weekend evening,On-street,Zone 2,320,127
2023-03,Weekend evening,On-street,Zone 3,415,163
2023-03,Weekend evening,Ramps,Ramp 2,739,52
2023-03,Weekend evening,Ramps,Ramp 3,505,78
2023-03,Weekend evening,Surface lots,Lot 1,117,22
2023-03,Weekend evening,Surface lots,Lot 13,27,2
2023-03,Weekend evening,Surface lots,Lot 20,36,12
2023-03,Weekend evening,Surface lots,Lot 5,77,15
2023-03,Weekend evening,Surface lots,Lot 6,36,3
2023-03,Weekend evening,Surface lots,Lot 9,55,9
2023-04,Weekday afternoon,On-street,Zone 1,468,230
2023-04,Weekday afternoon,On-street,Zone 2,320,171
2023-04,Weekday afternoon,On-street,Zone 3,415,198
2023-04,Weekday afternoon,Ramps,Ramp 2,739,201
2023-04,Weekday afternoon,Ramps,Ramp 3,505,147
2023-04,Weekday afternoon,Surface lots,Lot 1,117,57
2023-04,Weekday afternoon,Surface lots,Lot 13,27,21
2023-04,Weekday afternoon,Surface lots,Lot 20,36,6
2023-04,Weekday afternoon,Surface lots,Lot 5,77,10
2023-04,Weekday afternoon,Surface lots,Lot 6,36,15
2023-04,Weekday afternoon,Surface lots,Lot 9,55,26
2023-04,Weekday evening,On-street,Zone 1,468,174
2023-04,Weekday evening,On-street,Zone 2,320,152
2023-04,Weekday evening,On-street,Zone 3,415,143
2023-04,Weekday evening,Ramps,Ramp 2,739,74
2023-04,Weekday evening,Ramps,Ramp 3,505,65
2023-04,Weekday evening,Surface lots,Lot 1,117,21
2023-04,Weekday evening,Surface lots,Lot 13,27,5
2023-04,Weekday evening,Surface lots,Lot 20,36,5
2023-04,Weekday evening,Surface lots,Lot 5,77,16
2023-04,Weekday evening,Surface lots,Lot 6,36,0
2023-04,Weekday evening,Surface lots,Lot 9,55,12
2023-04,Weekend evening,On-street,Zone 1,468,196
2023-04,Weekend evening,On-street,Zone 2,320,187
2023-04,Weekend evening,On-street,Zone 3,415,164
2023-04,Weekend evening,Ramps,Ramp 2,739,84
2023-04,Weekend evening,Ramps,Ramp 3,505,67
2023-04,Weekend evening,Surface lots,Lot 1,117,23
2023-04,Weekend evening,Surface lots,Lot 13,27,10
2023-04,Weekend evening,Surface lots,Lot 20,36,4
2023-04,Weekend evening,Surface lots,Lot 5,77,12
2023-04,Weekend evening,Surface lots,Lot 6,36,1
2023-04,Weekend evening,Surface lots,Lot 9,55,11
2023-05,Weekday afternoon,On-street,Zone 1,468,214
2023-05,Weekday afternoon,On-street,Zone 2,320,135
2023-05,Weekday afternoon,On-street,Zone 3,415,185
2023-05,Weekday afternoon,Ramps,Ramp 2,739,211
2023-05,Weekday afternoon,Ramps,Ramp 3,505,139
2023-05,Weekday afternoon,Surface lots,Lot 1,117,31
2023-05,Weekday afternoon,Surface lots,Lot 13,27,19
2023-05,Weekday afternoon,Surface lots,Lot 20,36,7
2023-05,Weekday afternoon,Surface lots,Lot 5,77,15
2023-05,Weekday afternoon,Surface lots,Lot 6,36,11
2023-05,Weekday afternoon,Surface lots,Lot 9,55,24
2023-05,Weekday evening,On-street,Zone 1,468,201
2023-05,Weekday evening,On-street,Zone 2,320,146
2023-05,Weekday evening,On-street,Zone 3,415,151
2023-05,Weekday evening,Ramps,Ramp 2,739,123
2023-05,Weekday evening,Ramps,Ramp 3,505,126
2023-05,Weekday evening,Surface lots,Lot 1,117,57
2023-05,Weekday evening,Surface lots,Lot 13,27,17
2023-05,Weekday evening,Surface lots,Lot 20,36,6
2023-05,Weekday evening,Surface lots,Lot 5,77,17
2023-05,Weekday evening,Surface lots,Lot 6,36,4
2023-05,Weekday evening,Surface lots,Lot 9,55,12
2023-05,Weekend evening,On-street,Zone 1,468,217
2023-05,Weekend evening,On-street,Zone 2,320,151
2023-05,Weekend evening,On-street,Zone 3,415,135
2023-05,Weekend evening,Ramps,Ramp 2,739,87
2023-05,Weekend evening,Ramps,Ramp 3,505,84
2023-05,Weekend evening,Surface lots,Lot 1,117,62
2023-05,Weekend evening,Surface lots,Lot 13,27,17
2023-05,Weekend evening,Surface lots,Lot 20,36,4
2023-05,Weekend evening,Surface lots,Lot 5,77,12
2023-05,Weekend evening,Surface lots,Lot 6,36,6
2023-05,Weekend evening,Surface lots,Lot 9,55,13
2023-06,Weekday afternoon,On-street,Zone 1,468,217
2023-06,Weekday afternoon,On-street,Zone 2,320,157
2023-06,Weekday afternoon,On-street,Zone 3,415,152
2023-06,Weekday afternoon,Ramps,Ramp 2,739,237
2023-06,Weekday afternoon,Ramps,Ramp 3,505,132
2023-06,Weekday afternoon,Surface lots,Lot 1,117,83
2023-06,Weekday afternoon,Surface lots,Lot 13,27,19
2023-06,Weekday afternoon,Surface lots,Lot 20,36,5
2023-06,Weekday afternoon,Surface lots,Lot 5,77,19
2023-06,Weekday afternoon,Surface lots,Lot 6,36,10
2023-06,Weekday afternoon,Surface lots,Lot 9,55,25
2023-06,Weekday evening,On-street,Zone 1,468,197
2023-06,Weekday evening,On-street,Zone 2,320,163
2023-06,Weekday evening,On-street,Zone 3,415,154
2023-06,Weekday evening,Ramps,Ramp 2,739,95
2023-06,Weekday evening,Ramps,Ramp 3,505,79
2023-06,Weekday evening,Surface lots,Lot 1,117,62
2023-06,Weekday evening,Surface lots,Lot 13,27,12
2023-06,Weekday evening,Surface lots,Lot 20,36,3
2023-06,Weekday evening,Surface lots,Lot 5,77,10
2023-06,Weekday evening,Surface lots,Lot 6,36,3
2023-06,Weekday evening,Surface lots,Lot 9,55,7
2023-06,Weekend evening,On-street,Zone 1,468,197
2023-06,Weekend evening,On-street,Zone 2,320,165
2023-06,Weekend evening,On-street,Zone 3,415,132
2023-06,Weekend evening,Ramps,Ramp 2,739,86
2023-06,Weekend evening,Ramps,Ramp 3,505,72
2023-06,Weekend evening,Surface lots,Lot 1,117,41
2023-06,Weekend evening,Surface lots,Lot 13,27,9
2023-06,Weekend evening,Surface lots,Lot 20,36,4
2023-06,Weekend evening,Surface lots,Lot 5,77,15
2023-06,Weekend evening,Surface lots,Lot 6,36,2
2023-06,Weekend evening,Surface lots,Lot 9,55,8
2023-07,Weekday afternoon,On-street,Zone 1,468,201
2023-07,Weekday afternoon,On-street,Zone 2,320,127
2023-07,Weekday afternoon,On-street,Zone 3,415,141
2023-07,Weekday afternoon,Ramps,Ramp 2,739,123
2023-07,Weekday afternoon,Ramps,Ramp 3,505,122
2023-07,Weekday afternoon,Surface lots,Lot 1,117,68
2023-07,Weekday afternoon,Surface lots,Lot 13,27,23
2023-07,Weekday afternoon,Surface lots,Lot 20,36,8
2023-07,Weekday afternoon,Surface lots,Lot 5,77,12
2023-07,Weekday afternoon,Surface lots,Lot 6,36,13
2023-07,Weekday afternoon,Surface lots,Lot 9,55,26
2023-07,Weekday evening,On-street,Zone 1,468,197
2023-07,Weekday evening,On-street,Zone 2,320,136
2023-07,Weekday evening,On-street,Zone 3,415,122
2023-07,Weekday evening,Ramps,Ramp 2,739,57
2023-07,Weekday evening,Ramps,Ramp 3,505,94
2023-07,Weekday evening,Surface lots,Lot 1,117,41
2023-07,Weekday evening,Surface lots,Lot 13,27,1
2023-07,Weekday evening,Surface lots,Lot 20,36,13
2023-07,Weekday evening,Surface lots,Lot 5,77,16
2023-07,Weekday evening,Surface lots,Lot 6,36,8
2023-07,Weekday evening,Surface lots,Lot 9,55,14
2023-07,Weekend evening,On-street,Zone 1,468,198
2023-07,Weekend evening,On-street,Zone 2,320,186
2023-07,Weekend evening,On-street,Zone 3,415,142
2023-07,Weekend evening,Ramps,Ramp 2,739,127
2023-07,Weekend evening,Ramps,Ramp 3,505,133
2023-07,Weekend evening,Surface lots,Lot 1,117,24
2023-07,Weekend evening,Surface lots,Lot 13,27,0
2023-07,Weekend evening,Surface lots,Lot 20,36,11
2023-07,Weekend evening,Surface lots,Lot 5,77,17
2023-07,Weekend evening,Surface lots,Lot 6,36,3
2023-07,Weekend evening,Surface lots,Lot 9,55,8
2023-08,Weekday afternoon,On-street,Zone 1,468,179
2023-08,Weekday afternoon,On-street,Zone 2,320,132
2023-08,Weekday afternoon,On-street,Zone 3,415,136
2023-08,Weekday afternoon,Ramps,Ramp 2,739,209
2023-08,Weekday afternoon,Ramps,Ramp 3,505,149
2023-08,Weekday afternoon,Surface lots,Lot 1,117,83
2023-08,Weekday afternoon,Surface lots,Lot 13,27,13
2023-08,Weekday afternoon,Surface lots,Lot 20,36,7
2023-08,Weekday afternoon,Surface lots,Lot 5,77,21
2023-08,Weekday afternoon,Surface lots,Lot 6,36,5
2023-08,Weekday afternoon,Surface lots,Lot 9,55,34
2023-08,Weekday evening,On-street,Zone 1,468,207
2023-08,Weekday evening,On-street,Zone 2,320,141
2023-08,Weekday evening,On-street,Zone 3,415,139
2023-08,Weekday evening,Ramps,Ramp 2,739,48
2023-08,Weekday evening,Ramps,Ramp 3,505,95
2023-08,Weekday evening,Surface lots,Lot 1,117,56
2023-08,Weekday evening,Surface lots,Lot 13,27,8
2023-08,Weekday evening,Surface lots,Lot 20,36,2
2023-08,Weekday evening,Surface lots,Lot 5,77,19
2023-08,Weekday evening,Surface lots,Lot 6,36,7
2023-08,Weekday evening,Surface lots,Lot 9,55,13
2023-08,Weekend evening,On-street,Zone 1,468,182
2023-08,Weekend evening,On-street,Zone 2,320,165
2023-08,Weekend evening,On-street,Zone 3,415,139
2023-08,Weekend evening,Ramps,Ramp 2,739,58
2023-08,Weekend evening,Ramps,Ramp 3,505,71
2023-08,Weekend evening,Surface lots,Lot 1,117,52
2023-08,Weekend evening,Surface lots,Lot 13,27,8
2023-08,Weekend evening,Surface lots,Lot 20,36,2
2023-08,Weekend evening,Surface lots,Lot 5,77,19
2023-08,Weekend evening,Surface lots,Lot 6,36,7
2023-08,Weekend evening,Surface lots,Lot 9,55,11
2023-09,Weekday afternoon,On-street,Zone 1,468,257
2023-09,Weekday afternoon,On-street,Zone 2,320,142
2023-09,Weekday afternoon,On-street,Zone 3,415,161
2023-09,Weekday afternoon,Ramps,Ramp 2,739,249
2023-09,Weekday afternoon,Ramps,Ramp 3,505,159
2023-09,Weekday afternoon,Surface lots,Lot 1,117,79
2023-09,Weekday afternoon,Surface lots,Lot 13,27,19
2023-09,Weekday afternoon,Surface lots,Lot 20,36,12
2023-09,Weekday afternoon,Surface lots,Lot 5,77,19
2023-09,Weekday afternoon,Surface lots,Lot 6,36,12
2023-09,Weekday afternoon,Surface lots,Lot 9,55,27
2023-09,Weekday evening,On-street,Zone 1,468,209
2023-09,Weekday evening,On-street,Zone 2,320,163
2023-09,Weekday evening,On-street,Zone 3,415,148
2023-09,Weekday evening,Ramps,Ramp 2,739,87
2023-09,Weekday evening,Ramps,Ramp 3,505,83
2023-09,Weekday evening,Surface lots,Lot 1,117,34
2023-09,Weekday evening,Surface lots,Lot 13,27,14
2023-09,Weekday evening,Surface lots,Lot 20,36,3
2023-09,Weekday evening,Surface lots,Lot 5,77,27
2023-09,Weekday evening,Surface lots,Lot 6,36,4
2023-09,Weekday evening,Surface lots,Lot 9,55,12
2023-09,Weekend evening,On-street,Zone 1,468,219
2023-09,Weekend evening,On-street,Zone 2,320,165
2023-09,Weekend evening,On-street,Zone 3,415,159
2023-09,Weekend evening,Ramps,Ramp 2,739,32
2023-09,Weekend evening,Ramps,Ramp 3,505,76
2023-09,Weekend evening,Surface lots,Lot 1,117,34
2023-09,Weekend evening,Surface lots,Lot 13,27,7
2023-09,Weekend evening,Surface lots,Lot 20,36,2
2023-09,Weekend evening,Surface lots,Lot 5,77,23
2023-09,Weekend evening,Surface lots,Lot 6,36,6
2023-09,Weekend evening,Surface lots,Lot 9,55,12
2023-10,Weekday afternoon,On-street,Zone 1,468,227
2023-10,Weekday afternoon,On-street,Zone 2,320,136
2023-10,Weekday afternoon,On-street,Zone 3,415,152
2023-10,Weekday afternoon,Ramps,Ramp 2,739,216
2023-10,Weekday afternoon,Ramps,Ramp 3,505,137
2023-10,Weekday afternoon,Surface lots,Lot 1,117,74
2023-10,Weekday afternoon,Surface lots,Lot 13,27,14
2023-10,Weekday afternoon,Surface lots,Lot 20,36,12
2023-10,Weekday afternoon,Surface lots,Lot 5,77,18
2023-10,Weekday afternoon,Surface lots,Lot 6,36,8
2023-10,Weekday afternoon,Surface lots,Lot 9,55,26
2023-10,Weekday evening,On-street,Zone 1,468,193
2023-10,Weekday evening,On-street,Zone 2,320,121
2023-10,Weekday evening,On-street,Zone 3,415,136
2023-10,Weekday evening,Ramps,Ramp 2,739,27
2023-10,Weekday evening,Ramps,Ramp 3,505,70
2023-10,Weekday evening,Surface lots,Lot 1,117,12
2023-10,Weekday evening,Surface lots,Lot 13,27,2
2023-10,Weekday evening,Surface lots,Lot 20,36,2
2023-10,Weekday evening,Surface lots,Lot 5,77,20
2023-10,Weekday evening,Surface lots,Lot 6,36,4
2023-10,Weekday evening,Surface lots,Lot 9,55,12
2023-10,Weekend evening,On-street,Zone 1,468,187
2023-10,Weekend evening,On-street,Zone 2,320,162
2023-10,Weekend evening,On-street,Zone 3,415,129
2023-10,Weekend evening,Ramps,Ramp 2,739,49
2023-10,Weekend evening,Ramps,Ramp 3,505,80
2023-10,Weekend evening,Surface lots,Lot 1,117,40
2023-10,Weekend evening,Surface lots,Lot 13,27,13
2023-10,Weekend evening,Surface lots,Lot 20,36,1
2023-10,Weekend evening,Surface lots,Lot 5,77,17
2023-10,Weekend evening,Surface lots,Lot 6,36,8
2023-10,Weekend evening,Surface lots,Lot 9,55,10
2023-11,Weekday afternoon,On-street,Zone 1,468,185
2023-11,Weekday afternoon,On-street,Zone 2,320,145
2023-11,Weekday afternoon,On-street,Zone 3,415,167
2023-11,Weekday afternoon,Ramps,Ramp 2,739,230
2023-11,Weekday afternoon,Ramps,Ramp 3,505,157
2023-11,Weekday afternoon,Surface lots,Lot 1,117,76
2023-11,Weekday afternoon,Surface lots,Lot 13,27,18
2023-11,Weekday afternoon,Surface lots,Lot 20,36,11
2023-11,Weekday afternoon,Surface lots,Lot 5,77,15
2023-11,Weekday afternoon,Surface lots,Lot 6,36,9
2023-11,Weekday afternoon,Surface lots,Lot 9,55,24
2023-11,Weekday evening,On-street,Zone 1,468,185
2023-11,Weekday evening,On-street,Zone 2,320,133
2023-11,Weekday evening,On-street,Zone 3,415,139
2023-11,Weekday evening,Ramps,Ramp 2,739,48
2023-11,Weekday evening,Ramps,Ramp 3,505,63
2023-11,Weekday evening,Surface lots,Lot 1,117,28
2023-11,Weekday evening,Surface lots,Lot 13,27,9
2023-11,Weekday evening,Surface lots,Lot 20,36,5
2023-11,Weekday evening,Surface lots,Lot 5,77,11
2023-11,Weekday evening,Surface lots,Lot 6,36,2
2023-11,Weekday evening,Surface lots,Lot 9,55,14
2023-11,Weekend evening,On-street,Zone 1,468,191
2023-11,Weekend evening,On-street,Zone 2,320,184
2023-11,Weekend evening,On-street,Zone 3,415,141
2023-11,Weekend evening,Ramps,Ramp 2,739,61
2023-11,Weekend evening,Ramps,Ramp 3,505,83
2023-11,Weekend evening,Surface lots,Lot 1,117,53
2023-11,Weekend evening,Surface lots,Lot 13,27,8
2023-11,Weekend evening,Surface lots,Lot 20,36,3
2023-11,Weekend evening,Surface lots,Lot 5,77,14
2023-11,Weekend evening,Surface lots,Lot 6,36,6
2023-11,Weekend evening,Surface lots,Lot 9,55,12
2023-12,Weekday afternoon,On-street,Zone 1,468,171
2023-12,Weekday afternoon,On-street,Zone 2,320,151
2023-12,Weekday afternoon,On-street,Zone 3,415,183
2023-12,Weekday afternoon,Ramps,Ramp 2,739,245
2023-12,Weekday afternoon,Ramps,Ramp 3,505,170
2023-12,Weekday afternoon,Surface lots,Lot 1,117,75
2023-12,Weekday afternoon,Surface lots,Lot 13,27,23
2023-12,Weekday afternoon,Surface lots,Lot 20,36,10
2023-12,Weekday afternoon,Surface lots,Lot 5,77,13
2023-12,Weekday afternoon,Surface lots,Lot 6,36,12
2023-12,Weekday afternoon,Surface lots,Lot 9,55,28
2023-12,Weekday evening,On-street,Zone 1,468,163
2023-12,Weekday evening,On-street,Zone 2,320,142
2023-12,Weekday evening,On-street,Zone 3,415,121
2023-12,Weekday evening,Ramps,Ramp 2,739,63
2023-12,Weekday evening,Ramps,Ramp 3,505,51
2023-12,Weekday evening,Surface lots,Lot 1,117,39
2023-12,Weekday evening,Surface lots,Lot 13,27,13
2023-12,Weekday evening,Surface lots,Lot 20,36,8
2023-12,Weekday evening,Surface lots,Lot 5,77,9
2023-12,Weekday evening,Surface lots,Lot 6,36,1
2023-12,Weekday evening,Surface lots,Lot 9,55,12
2023-12,Weekend evening,On-street,Zone 1,468,206
2023-12,Weekend evening,On-street,Zone 2,320,197
2023-12,Weekend evening,On-street,Zone 3,415,161
2023-12,Weekend evening,Ramps,Ramp 2,739,122
2023-12,Weekend evening,Ramps,Ramp 3,505,86
2023-12,Weekend evening,Surface lots,Lot 1,117,74
2023-12,Weekend evening,Surface lots,Lot 13,27,21
2023-12,Weekend evening,Surface lots,Lot 20,36,6
2023-12,Weekend evening,Surface lots,Lot 5,77,12
2023-12,Weekend evening,Surface lots,Lot 6,36,2
2023-12,Weekend evening,Surface lots,Lot 9,55,12
2024-02,Weekday afternoon,On-street,Zone 1,468,143
2024-02,Weekday afternoon,On-street,Zone 2,320,128
2024-02,Weekday afternoon,On-street,Zone 3,415,170
2024-02,Weekday afternoon,Ramps,Ramp 2,739,224
2024-02,Weekday afternoon,Ramps,Ramp 3,505,167
2024-02,Weekday afternoon,Surface lots,Lot 1,117,78
2024-02,Weekday afternoon,Surface lots,Lot 13,27,19
2024-02,Weekday afternoon,Surface lots,Lot 20,36,11
2024-02,Weekday afternoon,Surface lots,Lot 5,77,14
2024-02,Weekday afternoon,Surface lots,Lot 6,36,9
2024-02,Weekday afternoon,Surface lots,Lot 9,55,24
2024-02,Weekday evening,On-street,Zone 1,468,126
2024-02,Weekday evening,On-street,Zone 2,320,124
2024-02,Weekday evening,On-street,Zone 3,415,118
2024-02,Weekday evening,Ramps,Ramp 2,739,71
2024-02,Weekday evening,Ramps,Ramp 3,505,59
2024-02,Weekday evening,Surface lots,Lot 1,117,35
2024-02,Weekday evening,Surface lots,Lot 13,27,8
2024-02,Weekday evening,Surface lots,Lot 20,36,2
2024-02,Weekday evening,Surface lots,Lot 5,77,9
2024-02,Weekday evening,Surface lots,Lot 6,36,0
2024-02,Weekday evening,Surface lots,Lot 9,55,14
2024-02,Weekend evening,On-street,Zone 1,468,115
2024-02,Weekend evening,On-street,Zone 2,320,96
2024-02,Weekend evening,On-street,Zone 3,415,145
2024-02,Weekend evening,Ramps,Ramp 2,739,68
2024-02,Weekend evening,Ramps,Ramp 3,505,115
2024-02,Weekend evening,Surface lots,Lot 1,117,45
2024-02,Weekend evening,Surface lots,Lot 13,27,2
2024-02,Weekend evening,Surface lots,Lot 20,36,1
2024-02,Weekend evening,Surface lots,Lot 5,77,11
2024-02,Weekend evening,Surface lots,Lot 6,36,6
2024-02,Weekend evening,Surface lots,Lot 9,55,11
2024-03,Weekday afternoon,On-street,Zone 1,468,143
2024-03,Weekday afternoon,On-street,Zone 2,320,129
2024-03,Weekday afternoon,On-street,Zone 3,415,199
2024-03,Weekday afternoon,Ramps,Ramp 2,739,261
2024-03,Weekday afternoon,Ramps,Ramp 3,505,169
2024-03,Weekday afternoon,Surface lots,Lot 1,117,78
2024-03,Weekday afternoon,Surface lots,Lot 13,27,19
2024-03,Weekday afternoon,Surface lots,Lot 20,36,8
2024-03,Weekday afternoon,Surface lots,Lot 5,77,17
2024-03,Weekday afternoon,Surface lots,Lot 6,36,4
2024-03,Weekday afternoon,Surface lots,Lot 9,55,25
2024-03,Weekday evening,On-street,Zone 1,468,182
2024-03,Weekday evening,On-street,Zone 2,320,171
2024-03,Weekday evening,On-street,Zone 3,415,153
2024-03,Weekday evening,Ramps,Ramp 2,739,118
2024-03,Weekday evening,Ramps,Ramp 3,505,86
2024-03,Weekday evening,Surface lots,Lot 1,117,18
2024-03,Weekday evening,Surface lots,Lot 13,27,17
2024-03,Weekday evening,Surface lots,Lot 20,36,3
2024-03,Weekday evening,Surface lots,Lot 5,77,8
2024-03,Weekday evening,Surface lots,Lot 6,36,0
2024-03,Weekday evening,Surface lots,Lot 9,55,13
2024-03,Weekend evening,On-street,Zone 1,468,168
2024-03,Weekend evening,On-street,Zone 2,320,142
2024-03,Weekend evening,On-street,Zone 3,415,162
2024-03,Weekend evening,Ramps,Ramp 2,739,76
2024-03,Weekend evening,Ramps,Ramp 3,505,68
2024-03,Weekend evening,Surface lots,Lot 1,117,52
2024-03,Weekend evening,Surface lots,Lot 13,27,18
2024-03,Weekend evening,Surface lots,Lot 20,36,3
2024-03,Weekend evening,Surface lots,Lot 5,77,9
2024-03,Weekend evening,Surface lots,Lot 6,36,2
2024-03,Weekend evening,Surface lots,Lot 9,55,12
2024-04,Weekday afternoon,On-street,Zone 1,468,169
2024-04,Weekday afternoon,On-street,Zone 2,320,141
2024-04,Weekday afternoon,On-street,Zone 3,415,170
2024-04,Weekday afternoon,Ramps,Ramp 2,739,253
2024-04,Weekday afternoon,Ramps,Ramp 3,505,146
2024-04,Weekday afternoon,Surface lots,Lot 1,117,67
2024-04,Weekday afternoon,Surface lots,Lot 13,27,24
2024-04,Weekday afternoon,Surface lots,Lot 20,36,9
2024-04,Weekday afternoon,Surface lots,Lot 5,77,18
2024-04,Weekday afternoon,Surface lots,Lot 6,36,2
2024-04,Weekday afternoon,Surface lots,Lot 9,55,14
2024-04,Weekday evening,On-street,Zone 1,468,171
2024-04,Weekday evening,On-street,Zone 2,320,156
2024-04,Weekday evening,On-street,Zone 3,415,129
2024-04,Weekday evening,Ramps,Ramp 2,739,90
2024-04,Weekday evening,Ramps,Ramp 3,505,84
2024-04,Weekday evening,Surface lots,Lot 1,117,32
2024-04,Weekday evening,Surface lots,Lot 13,27,10
2024-04,Weekday evening,Surface lots,Lot 20,36,0
2024-04,Weekday evening,Surface lots,Lot 5,77,12
2024-04,Weekday evening,Surface lots,Lot 6,36,1
2024-04,Weekday evening,Surface lots,Lot 9,55,9
2024-04,Weekend evening,On-street,Zone 1,468,168
2024-04,Weekend evening,On-street,Zone 2,320,192
2024-04,Weekend evening,On-street,Zone 3,415,153
2024-04,Weekend evening,Ramps,Ramp 2,739,98
2024-04,Weekend evening,Ramps,Ramp 3,505,89
2024-04,Weekend evening,Surface lots,Lot 1,117,35
2024-04,Weekend evening,Surface lots,Lot 13,27,10
2024-04,Weekend evening,Surface lots,Lot 20,36,2
2024-04,Weekend evening,Surface lots,Lot 5,77,13
2024-04,Weekend evening,Surface lots,Lot 6,36,1
2024-04,Weekend evening,Surface lots,Lot 9,55,9
2024-05,Weekday afternoon,On-street,Zone 1,468,150
2024-05,Weekday afternoon,On-street,Zone 2,320,129
2024-05,Weekday afternoon,On-street,Zone 3,415,151
2024-05,Weekday afternoon,Ramps,Ramp 2,739,263
2024-05,Weekday afternoon,Ramps,Ramp 3,505,141
2024-05,Weekday afternoon,Surface lots,Lot 1,117,79
2024-05,Weekday afternoon,Surface lots,Lot 13,27,18
2024-05,Weekday afternoon,Surface lots,Lot 20,36,9
2024-05,Weekday afternoon,Surface lots,Lot 5,77,11
2024-05,Weekday afternoon,Surface lots,Lot 6,36,6
2024-05,Weekday afternoon,Surface lots,Lot 9,55,20
2024-05,Weekday evening,On-street,Zone 1,468,183
2024-05,Weekday evening,On-street,Zone 2,320,165
2024-05,Weekday evening,On-street,Zone 3,415,127
2024-05,Weekday evening,Ramps,Ramp 2,739,97
2024-05,Weekday evening,Ramps,Ramp 3,505,74
2024-05,Weekday evening,Surface lots,Lot 1,117,35
2024-05,Weekday evening,Surface lots,Lot 13,27,12
2024-05,Weekday evening,Surface lots,Lot 20,36,1
2024-05,Weekday evening,Surface lots,Lot 5,77,15
2024-05,Weekday evening,Surface lots,Lot 6,36,0
2024-05,Weekday evening,Surface lots,Lot 9,55,10
2024-05,Weekend evening,On-street,Zone 1,468,201
2024-05,Weekend evening,On-street,Zone 2,320,186
2024-05,Weekend evening,On-street,Zone 3,415,167
2024-05,Weekend evening,Ramps,Ramp 2,739,89
2024-05,Weekend evening,Ramps,Ramp 3,505,76
2024-05,Weekend evening,Surface lots,Lot 1,117,42
2024-05,Weekend evening,Surface lots,Lot 13,27,1
2024-05,Weekend evening,Surface lots,Lot 20,36,17
2024-05,Weekend evening,Surface lots,Lot 5,77,9
2024-05,Weekend evening,Surface lots,Lot 6,36,8
2024-05,Weekend evening,Surface lots,Lot 9,55,1
2024-06,Weekday afternoon,On-street,Zone 1,468,157
2024-06,Weekday afternoon,On-street,Zone 2,320,122
2024-06,Weekday afternoon,On-street,Zone 3,415,140
2024-06,Weekday afternoon,Ramps,Ramp 2,739,224
2024-06,Weekday afternoon,Ramps,Ramp 3,505,153
2024-06,Weekday afternoon,Surface lots,Lot 1,117,65
2024-06,Weekday afternoon,Surface lots,Lot 13,27,25
2024-06,Weekday afternoon,Surface lots,Lot 20,36,8
2024-06,Weekday afternoon,Surface lots,Lot 5,77,16
2024-06,Weekday afternoon,Surface lots,Lot 6,36,3
2024-06,Weekday afternoon,Surface lots,Lot 9,55,26
2024-06,Weekday evening,On-street,Zone 1,468,179
2024-06,Weekday evening,On-street,Zone 2,320,162
2024-06,Weekday evening,On-street,Zone 3,415,124
2024-06,Weekday evening,Ramps,Ramp 2,739,90
2024-06,Weekday evening,Ramps,Ramp 3,505,81
2024-06,Weekday evening,Surface lots,Lot 1,117,15
2024-06,Weekday evening,Surface lots,Lot 13,27,12
2024-06,Weekday evening,Surface lots,Lot 20,36,1
2024-06,Weekday evening,Surface lots,Lot 5,77,23
2024-06,Weekday evening,Surface lots,Lot 6,36,0
2024-06,Weekday evening,Surface lots,Lot 9,55,10
2024-06,Weekend evening,On-street,Zone 1,468,186
2024-06,Weekend evening,On-street,Zone 2,320,189
2024-06,Weekend evening,On-street,Zone 3,415,154
2024-06,Weekend evening,Ramps,Ramp 2,739,86
2024-06,Weekend evening,Ramps,Ramp 3,505,76
2024-06,Weekend evening,Surface lots,Lot 1,117,21
2024-06,Weekend evening,Surface lots,Lot 13,27,10
2024-06,Weekend evening,Surface lots,Lot 20,36,0
2024-06,Weekend evening,Surface lots,Lot 5,77,17
2024-06,Weekend evening,Surface lots,Lot 6,36,0
2024-06,Weekend evening,Surface lots,Lot 9,55,13
2024-07,Weekday afternoon,On-street,Zone 1,468,176
2024-07,Weekday afternoon,On-street,Zone 2,320,123
2024-07,Weekday afternoon,On-street,Zone 3,415,165
2024-07,Weekday afternoon,Ramps,Ramp 2,739,262
2024-07,Weekday afternoon,Ramps,Ramp 3,505,161
2024-07,Weekday afternoon,Surface lots,Lot 1,117,75
2024-07,Weekday afternoon,Surface lots,Lot 13,27,18
2024-07,Weekday afternoon,Surface lots,Lot 20,36,8
2024-07,Weekday afternoon,Surface lots,Lot 5,77,13
2024-07,Weekday afternoon,Surface lots,Lot 6,36,7
2024-07,Weekday afternoon,Surface lots,Lot 9,55,17
2024-07,Weekday evening,On-street,Zone 1,468,185
2024-07,Weekday evening,On-street,Zone 2,320,136
2024-07,Weekday evening,On-street,Zone 3,415,121
2024-07,Weekday evening,Ramps,Ramp 2,739,89
2024-07,Weekday evening,Ramps,Ramp 3,505,78
2024-07,Weekday evening,Surface lots,Lot 1,117,19
2024-07,Weekday evening,Surface lots,Lot 13,27,15
2024-07,Weekday evening,Surface lots,Lot 20,36,0
2024-07,Weekday evening,Surface lots,Lot 5,77,12
2024-07,Weekday evening,Surface lots,Lot 6,36,2
2024-07,Weekday evening,Surface lots,Lot 9,55,13
2024-07,Weekend evening,On-street,Zone 1,468,221
2024-07,Weekend evening,On-street,Zone 2,320,206
2024-07,Weekend evening,On-street,Zone 3,415,172
2024-07,Weekend evening,Ramps,Ramp 2,739,98
2024-07,Weekend evening,Ramps,Ramp 3,505,83
2024-07,Weekend evening,Surface lots,Lot 1,117,28
2024-07,Weekend evening,Surface lots,Lot 13,27,11
2024-07,Weekend evening,Surface lots,Lot 20,36,1
2024-07,Weekend evening,Surface lots,Lot 5,77,25
2024-07,Weekend evening,Surface lots,Lot 6,36,1
2024-07,Weekend evening,Surface lots,Lot 9,55,12
2024-08,Weekday afternoon,On-street,Zone 1,468,183
2024-08,Weekday afternoon,On-street,Zone 2,320,112
2024-08,Weekday afternoon,On-street,Zone 3,415,153
2024-08,Weekday afternoon,Ramps,Ramp 2,739,236
2024-08,Weekday afternoon,Ramps,Ramp 3,505,133
2024-08,Weekday afternoon,Surface lots,Lot 1,117,64
2024-08,Weekday afternoon,Surface lots,Lot 13,27,22
2024-08,Weekday afternoon,Surface lots,Lot 20,36,8
2024-08,Weekday afternoon,Surface lots,Lot 5,77,16
2024-08,Weekday afternoon,Surface lots,Lot 6,36,3
2024-08,Weekday afternoon,Surface lots,Lot 9,55,20
2024-08,Weekday evening,On-street,Zone 1,468,196
2024-08,Weekday evening,On-street,Zone 2,320,142
2024-08,Weekday evening,On-street,Zone 3,415,121
2024-08,Weekday evening,Ramps,Ramp 2,739,81
2024-08,Weekday evening,Ramps,Ramp 3,505,76
2024-08,Weekday evening,Surface lots,Lot 1,117,16
2024-08,Weekday evening,Surface lots,Lot 13,27,2
2024-08,Weekday evening,Surface lots,Lot 20,36,0
2024-08,Weekday evening,Surface lots,Lot 5,77,20
2024-08,Weekday evening,Surface lots,Lot 6,36,4
2024-08,Weekday evening,Surface lots,Lot 9,55,8
2024-08,Weekend evening,On-street,Zone 1,468,197
2024-08,Weekend evening,On-street,Zone 2,320,173
2024-08,Weekend evening,On-street,Zone 3,415,152
2024-08,Weekend evening,Ramps,Ramp 2,739,91
2024-08,Weekend evening,Ramps,Ramp 3,505,87
2024-08,Weekend evening,Surface lots,Lot 1,117,32
2024-08,Weekend evening,Surface lots,Lot 13,27,1
2024-08,Weekend evening,Surface lots,Lot 20,36,0
2024-08,Weekend evening,Surface lots,Lot 5,77,23
2024-08,Weekend evening,Surface lots,Lot 6,36,3
2024-08,Weekend evening,Surface lots,Lot 9,55,11
2024-09,Weekday afternoon,On-street,Zone 1,468,162
2024-09,Weekday afternoon,On-street,Zone 2,320,171
2024-09,Weekday afternoon,On-street,Zone 3,415,129
2024-09,Weekday afternoon,Ramps,Ramp 2,739,245
2024-09,Weekday afternoon,Ramps,Ramp 3,505,157
2024-09,Weekday afternoon,Surface lots,Lot 1,117,78
2024-09,Weekday afternoon,Surface lots,Lot 13,27,18
2024-09,Weekday afternoon,Surface lots,Lot 20,36,10
2024-09,Weekday afternoon,Surface lots,Lot 5,77,12
2024-09,Weekday afternoon,Surface lots,Lot 6,36,7
2024-09,Weekday afternoon,Surface lots,Lot 9,55,23
2024-09,Weekday evening,On-street,Zone 1,468,187
2024-09,Weekday evening,On-street,Zone 2,320,164
2024-09,Weekday evening,On-street,Zone 3,415,131
2024-09,Weekday evening,Ramps,Ramp 2,739,74
2024-09,Weekday evening,Ramps,Ramp 3,505,81
2024-09,Weekday evening,Surface lots,Lot 1,117,43
2024-09,Weekday evening,Surface lots,Lot 13,27,4
2024-09,Weekday evening,Surface lots,Lot 20,36,0
2024-09,Weekday evening,Surface lots,Lot 5,77,23
2024-09,Weekday evening,Surface lots,Lot 6,36,0
2024-09,Weekday evening,Surface lots,Lot 9,55,10
2024-09,Weekend evening,On-street,Zone 1,468,174
2024-09,Weekend evening,On-street,Zone 2,320,165
2024-09,Weekend evening,On-street,Zone 3,415,132
2024-09,Weekend evening,Ramps,Ramp 2,739,33
2024-09,Weekend evening,Ramps,Ramp 3,505,102
2024-09,Weekend evening,Surface lots,Lot 1,117,44
2024-09,Weekend evening,Surface lots,Lot 13,27,4
2024-09,Weekend evening,Surface lots,Lot 20,36,3
2024-09,Weekend evening,Surface lots,Lot 5,77,21
2024-09,Weekend evening,Surface lots,Lot 6,36,1
2024-09,Weekend evening,Surface lots,Lot 9,55,14
2024-10,Weekday afternoon,On-street,Zone 1,468,135
2024-10,Weekday afternoon,On-street,Zone 2,320,125
2024-10,Weekday afternoon,On-street,Zone 3,415,136
2024-10,Weekday afternoon,Ramps,Ramp 2,739,265
2024-10,Weekday afternoon,Ramps,Ramp 3,505,167
2024-10,Weekday afternoon,Surface lots,Lot 1,117,89
2024-10,Weekday afternoon,Surface lots,Lot 13,27,20
2024-10,Weekday afternoon,Surface lots,Lot 20,36,10
2024-10,Weekday afternoon,Surface lots,Lot 5,77,11
2024-10,Weekday afternoon,Surface lots,Lot 6,36,10
2024-10,Weekday afternoon,Surface lots,Lot 9,55,26
2024-10,Weekday evening,On-street,Zone 1,468,153
2024-10,Weekday evening,On-street,Zone 2,320,142
2024-10,Weekday evening,On-street,Zone 3,415,131
2024-10,Weekday evening,Ramps,Ramp 2,739,68
2024-10,Weekday evening,Ramps,Ramp 3,505,76
2024-10,Weekday evening,Surface lots,Lot 1,117,27
2024-10,Weekday evening,Surface lots,Lot 13,27,3
2024-10,Weekday evening,Surface lots,Lot 20,36,0
2024-10,Weekday evening,Surface lots,Lot 5,77,18
2024-10,Weekday evening,Surface lots,Lot 6,36,1
2024-10,Weekday evening,Surface lots,Lot 9,55,8
2024-10,Weekend evening,On-street,Zone 1,468,172
2024-10,Weekend evening,On-street,Zone 2,320,165
2024-10,Weekend evening,On-street,Zone 3,415,137
2024-10,Weekend evening,Ramps,Ramp 2,739,62
2024-10,Weekend evening,Ramps,Ramp 3,505,77
2024-10,Weekend evening,Surface lots,Lot 1,117,42
2024-10,Weekend evening,Surface lots,Lot 13,27,8
2024-10,Weekend evening,Surface lots,Lot 20,36,1
2024-10,Weekend evening,Surface lots,Lot 5,77,13
2024-10,Weekend evening,Surface lots,Lot 6,36,2
2024-10,Weekend evening,Surface lots,Lot 9,55,13
2024-11,Weekday afternoon,On-street,Zone 1,468,159
2024-11,Weekday afternoon,On-street,Zone 2,320,112
2024-11,Weekday afternoon,On-street,Zone 3,415,120
2024-11,Weekday afternoon,Ramps,Ramp 2,739,304
2024-11,Weekday afternoon,Ramps,Ramp 3,505,168
2024-11,Weekday afternoon,Surface lots,Lot 1,117,70
2024-11,Weekday afternoon,Surface lots,Lot 13,27,25
2024-11,Weekday afternoon,Surface lots,Lot 20,36,11
2024-11,Weekday afternoon,Surface lots,Lot 5,77,14
2024-11,Weekday afternoon,Surface lots,Lot 6,36,2
2024-11,Weekday afternoon,Surface lots,Lot 9,55,24
2024-11,Weekday evening,On-street,Zone 1,468,167
2024-11,Weekday evening,On-street,Zone 2,320,134
2024-11,Weekday evening,On-street,Zone 3,415,119
2024-11,Weekday evening,Ramps,Ramp 2,739,76
2024-11,Weekday evening,Ramps,Ramp 3,505,64
2024-11,Weekday evening,Surface lots,Lot 1,117,23
2024-11,Weekday evening,Surface lots,Lot 13,27,2
2024-11,Weekday evening,Surface lots,Lot 20,36,0
2024-11,Weekday evening,Surface lots,Lot 5,77,18
2024-11,Weekday evening,Surface lots,Lot 6,36,0
2024-11,Weekday evening,Surface lots,Lot 9,55,12
2024-11,Weekend evening,On-street,Zone 1,468,179
2024-11,Weekend evening,On-street,Zone 2,320,169
2024-11,Weekend evening,On-street,Zone 3,415,143
2024-11,Weekend evening,Ramps,Ramp 2,739,70
2024-11,Weekend evening,Ramps,Ramp 3,505,92
2024-11,Weekend evening,Surface lots,Lot 1,117,38
2024-11,Weekend evening,Surface lots,Lot 13,27,3
2024-11,Weekend evening,Surface lots,Lot 20,36,0
2024-11,Weekend evening,Surface lots,Lot 5,77,10
2024-11,Weekend evening,Surface lots,Lot 6,36,1
2024-11,Weekend evening,Surface lots,Lot 9,55,12
2024-12,Weekday afternoon,On-street,Zone 1,468,112
2024-12,Weekday afternoon,On-street,Zone 2,320,120
2024-12,Weekday afternoon,On-street,Zone 3,415,122
2024-12,Weekday afternoon,Ramps,Ramp 2,739,244
2024-12,Weekday afternoon,Ramps,Ramp 3,505,160
2024-12,Weekday afternoon,Surface lots,Lot 1,117,62
2024-12,Weekday afternoon,Surface lots,Lot 13,27,18
2024-12,Weekday afternoon,Surface lots,Lot 20,36,7
2024-12,Weekday afternoon,Surface lots,Lot 5,77,11
2024-12,Weekday afternoon,Surface lots,Lot 6,36,6
2024-12,Weekday afternoon,Surface lots,Lot 9,55,32
2024-12,Weekday evening,On-street,Zone 1,468,176
2024-12,Weekday evening,On-street,Zone 2,320,183
2024-12,Weekday evening,On-street,Zone 3,415,147
2024-12,Weekday evening,Ramps,Ramp 2,739,73
2024-12,Weekday evening,Ramps,Ramp 3,505,68
2024-12,Weekday evening,Surface lots,Lot 1,117,13
2024-12,Weekday evening,Surface lots,Lot 13,27,5
2024-12,Weekday evening,Surface lots,Lot 20,36,0
2024-12,Weekday evening,Surface lots,Lot 5,77,12
2024-12,Weekday evening,Surface lots,Lot 6,36,0
2024-12,Weekday evening,Surface lots,Lot 9,55,13
2024-12,Weekend evening,On-street,Zone 1,468,197
2024-12,Weekend evening,On-street,Zone 2,320,186
2024-12,Weekend evening,On-street,Zone 3,415,152
2024-12,Weekend evening,Ramps,Ramp 2,739,77
2024-12,Weekend evening,Ramps,Ramp 3,505,106
2024-12,Weekend evening,Surface lots,Lot 1,117,31
2024-12,Weekend evening,Surface lots,Lot 13,27,5
2024-12,Weekend evening,Surface lots,Lot 20,36,2
2024-12,Weekend evening,Surface lots,Lot 5,77,15
2024-12,Weekend evening,Surface lots,Lot 6,36,22
2024-12,Weekend evening,Surface lots,Lot 9,55,9
2025-01,Weekday afternoon,On-street,Zone 1,468,148
2025-01,Weekday afternoon,On-street,Zone 2,320,141
2025-01,Weekday afternoon,On-street,Zone 3,415,180
2025-01,Weekday afternoon,Ramps,Ramp 2,739,248
2025-01,Weekday afternoon,Ramps,Ramp 3,505,155
2025-01,Weekday afternoon,Surface lots,Lot 1,117,73
2025-01,Weekday afternoon,Surface lots,Lot 13,27,25
2025-01,Weekday afternoon,Surface lots,Lot 20,36,10
2025-01,Weekday afternoon,Surface lots,Lot 5,77,8
2025-01,Weekday afternoon,Surface lots,Lot 6,36,11
2025-01,Weekday afternoon,Surface lots,Lot 9,55,27
2025-01,Weekday evening,On-street,Zone 1,468,163
2025-01,Weekday evening,On-street,Zone 2,320,136
2025-01,Weekday evening,On-street,Zone 3,415,152
2025-01,Weekday evening,Ramps,Ramp 2,739,86
2025-01,Weekday evening,Ramps,Ramp 3,505,72
2025-01,Weekday evening,Surface lots,Lot 1,117,10
2025-01,Weekday evening,Surface lots,Lot 13,27,7
2025-01,Weekday evening,Surface lots,Lot 20,36,0
2025-01,Weekday evening,Surface lots,Lot 5,77,9
2025-01,Weekday evening,Surface lots,Lot 6,36,0
2025-01,Weekday evening,Surface lots,Lot 9,55,6
2025-01,Weekend evening,On-street,Zone 1,468,202
2025-01,Weekend evening,On-street,Zone 2,320,178
2025-01,Weekend evening,On-street,Zone 3,415,160
2025-01,Weekend evening,Ramps,Ramp 2,739,79
2025-01,Weekend evening,Ramps,Ramp 3,505,74
2025-01,Weekend evening,Surface lots,Lot 1,117,20
2025-01,Weekend evening,Surface lots,Lot 13,27,3
2025-01,Weekend evening,Surface lots,Lot 20,36,2
2025-01,Weekend evening,Surface lots,Lot 5,77,16
2025-01,Weekend evening,Surface lots,Lot 6,36,20
2025-01,Weekend evening,Surface lots,Lot 9,55,6
2025-02,Weekday afternoon,On-street,Zone 1,468,136
2025-02,Weekday afternoon,On-street,Zone 2,320,121
2025-02,Weekday afternoon,On-street,Zone 3,415,105
2025-02,Weekday afternoon,Ramps,Ramp 2,739,232
2025-02,Weekday afternoon,Ramps,Ramp 3,505,130
2025-02,Weekday afternoon,Surface lots,Lot 1,117,61
2025-02,Weekday afternoon,Surface lots,Lot 13,27,22
2025-02,Weekday afternoon,Surface lots,Lot 20,36,6
2025-02,Weekday afternoon,Surface lots,Lot 5,77,13
2025-02,Weekday afternoon,Surface lots,Lot 6,36,7
2025-02,Weekday afternoon,Surface lots,Lot 9,55,33
2025-02,Weekday evening,On-street,Zone 1,468,145
2025-02,Weekday evening,On-street,Zone 2,320,130
2025-02,Weekday evening,On-street,Zone 3,415,142
2025-02,Weekday evening,Ramps,Ramp 2,739,82
2025-02,Weekday evening,Ramps,Ramp 3,505,76
2025-02,Weekday evening,Surface lots,Lot 1,117,12
2025-02,Weekday evening,Surface lots,Lot 13,27,8
2025-02,Weekday evening,Surface lots,Lot 20,36,0
2025-02,Weekday evening,Surface lots,Lot 5,77,15
2025-02,Weekday evening,Surface lots,Lot 6,36,1
2025-02,Weekday evening,Surface lots,Lot 9,55,10
2025-02,Weekend evening,On-street,Zone 1,468,183
2025-02,Weekend evening,On-street,Zone 2,320,150
2025-02,Weekend evening,On-street,Zone 3,415,166
2025-02,Weekend evening,Ramps,Ramp 2,739,66
2025-02,Weekend evening,Ramps,Ramp 3,505,87
2025-02,Weekend evening,Surface lots,Lot 1,117,36
2025-02,Weekend evening,Surface lots,Lot 13,27,4
2025-02,Weekend evening,Surface lots,Lot 20,36,0
2025-02,Weekend evening,Surface lots,Lot 5,77,14
2025-02,Weekend evening,Surface lots,Lot 6,36,14
2025-02,Weekend evening,Surface lots,Lot 9,55,6
2025-03,Weekday afternoon,On-street,Zone 1,468,151
2025-03,Weekday afternoon,On-street,Zone 2,320,119
2025-03,Weekday afternoon,On-street,Zone 3,415,160
2025-03,Weekday afternoon,Ramps,Ramp 2,739,223
2025-03,Weekday afternoon,Ramps,Ramp 3,505,156
2025-03,Weekday afternoon,Surface lots,Lot 1,117,59
2025-03,Weekday afternoon,Surface lots,Lot 13,27,19
2025-03,Weekday afternoon,Surface lots,Lot 20,36,8
2025-03,Weekday afternoon,Surface lots,Lot 5,77,12
2025-03,Weekday afternoon,Surface lots,Lot 6,36,6
2025-03,Weekday afternoon,Surface lots,Lot 9,55,38
2025-03,Weekday evening,On-street,Zone 1,468,106
2025-03,Weekday evening,On-street,Zone 2,320,109
2025-03,Weekday evening,On-street,Zone 3,415,114
2025-03,Weekday evening,Ramps,Ramp 2,739,73
2025-03,Weekday evening,Ramps,Ramp 3,505,68
2025-03,Weekday evening,Surface lots,Lot 1,117,28
2025-03,Weekday evening,Surface lots,Lot 13,27,3
2025-03,Weekday evening,Surface lots,Lot 20,36,1
2025-03,Weekday evening,Surface lots,Lot 5,77,13
2025-03,Weekday evening,Surface lots,Lot 6,36,1
2025-03,Weekday evening,Surface lots,Lot 9,55,10
2025-03,Weekend evening,On-street,Zone 1,468,177
2025-03,Weekend evening,On-street,Zone 2,320,162
2025-03,Weekend evening,On-street,Zone 3,415,149
2025-03,Weekend evening,Ramps,Ramp 2,739,59
2025-03,Weekend evening,Ramps,Ramp 3,505,88
2025-03,Weekend evening,Surface lots,Lot 1,117,30
2025-03,Weekend evening,Surface lots,Lot 13,27,8
2025-03,Weekend evening,Surface lots,Lot 20,36,1
2025-03,Weekend evening,Surface lots,Lot 5,77,23
2025-03,Weekend evening,Surface lots,Lot 6,36,22
2025-03,Weekend evening,Surface lots,Lot 9,55,10
2025-04,Weekday afternoon,On-street,Zone 1,468,170
2025-04,Weekday afternoon,On-street,Zone 2,320,138
2025-04,Weekday afternoon,On-street,Zone 3,415,165
2025-04,Weekday afternoon,Ramps,Ramp 2,739,249
2025-04,Weekday afternoon,Ramps,Ramp 3,505,150
2025-04,Weekday afternoon,Surface lots,Lot 1,117,53
2025-04,Weekday afternoon,Surface lots,Lot 13,27,13
2025-04,Weekday afternoon,Surface lots,Lot 20,36,10
2025-04,Weekday afternoon,Surface lots,Lot 5,77,16
2025-04,Weekday afternoon,Surface lots,Lot 6,36,7
2025-04,Weekday afternoon,Surface lots,Lot 9,55,32
2025-04,Weekday evening,On-street,Zone 1,468,104
2025-04,Weekday evening,On-street,Zone 2,320,122
2025-04,Weekday evening,On-street,Zone 3,415,131
2025-04,Weekday evening,Ramps,Ramp 2,739,89
2025-04,Weekday evening,Ramps,Ramp 3,505,90
2025-04,Weekday evening,Surface lots,Lot 1,117,30
2025-04,Weekday evening,Surface lots,Lot 13,27,5
2025-04,Weekday evening,Surface lots,Lot 20,36,2
2025-04,Weekday evening,Surface lots,Lot 5,77,23
2025-04,Weekday evening,Surface lots,Lot 6,36,15
2025-04,Weekday evening,Surface lots,Lot 9,55,8
2025-04,Weekend evening,On-street,Zone 1,468,181
2025-04,Weekend evening,On-street,Zone 2,320,172
2025-04,Weekend evening,On-street,Zone 3,415,163
2025-04,Weekend evening,Ramps,Ramp 2,739,81
2025-04,Weekend evening,Ramps,Ramp 3,505,111
2025-04,Weekend evening,Surface lots,Lot 1,117,35
2025-04,Weekend evening,Surface lots,Lot 13,27,7
2025-04,Weekend evening,Surface lots,Lot 20,36,4
2025-04,Weekend evening,Surface lots,Lot 5,77,22
2025-04,Weekend evening,Surface lots,Lot 6,36,23
2025-04,Weekend evening,Surface lots,Lot 9,55,5
2025-05,Weekday afternoon,On-street,Zone 1,468,152
2025-05,Weekday afternoon,On-street,Zone 2,320,131
2025-05,Weekday afternoon,On-street,Zone 3,415,159
2025-05,Weekday afternoon,Ramps,Ramp 2,739,237
2025-05,Weekday afternoon,Ramps,Ramp 3,505,148
2025-05,Weekday afternoon,Surface lots,Lot 1,117,60
2025-05,Weekday afternoon,Surface lots,Lot 13,27,18
2025-05,Weekday afternoon,Surface lots,Lot 20,36,9
2025-05,Weekday afternoon,Surface lots,Lot 5,77,14
2025-05,Weekday afternoon,Surface lots,Lot 6,36,8
2025-05,Weekday afternoon,Surface lots,Lot 9,55,37
2025-05,Weekday evening,On-street,Zone 1,468,174
2025-05,Weekday evening,On-street,Zone 2,320,131
2025-05,Weekday evening,On-street,Zone 3,415,132
2025-05,Weekday evening,Ramps,Ramp 2,739,93
2025-05,Weekday evening,Ramps,Ramp 3,505,84
2025-05,Weekday evening,Surface lots,Lot 1,117,26
2025-05,Weekday evening,Surface lots,Lot 13,27,4
2025-05,Weekday evening,Surface lots,Lot 20,36,1
2025-05,Weekday evening,Surface lots,Lot 5,77,18
2025-05,Weekday evening,Surface lots,Lot 6,36,4
2025-05,Weekday evening,Surface lots,Lot 9,55,11
2025-05,Weekend evening,On-street,Zone 1,468,185
2025-05,Weekend evening,On-street,Zone 2,320,169
2025-05,Weekend evening,On-street,Zone 3,415,165
2025-05,Weekend evening,Ramps,Ramp 2,739,77
2025-05,Weekend evening,Ramps,Ramp 3,505,94
2025-05,Weekend evening,Surface lots,Lot 1,117,37
2025-05,Weekend evening,Surface lots,Lot 13,27,4
2025-05,Weekend evening,Surface lots,Lot 20,36,2
2025-05,Weekend evening,Surface lots,Lot 5,77,16
2025-05,Weekend evening,Surface lots,Lot 6,36,21
2025-05,Weekend evening,Surface lots,Lot 9,55,9
2025-06,Weekday afternoon,On-street,Zone 1,468,139
2025-06,Weekday afternoon,On-street,Zone 2,320,91
2025-06,Weekday afternoon,On-street,Zone 3,415,136
2025-06,Weekday afternoon,Ramps,Ramp 2,739,243
2025-06,Weekday afternoon,Ramps,Ramp 3,505,130
2025-06,Weekday afternoon,Surface lots,Lot 1,117,61
2025-06,Weekday afternoon,Surface lots,Lot 13,27,12
2025-06,Weekday afternoon,Surface lots,Lot 20,36,10
2025-06,Weekday afternoon,Surface lots,Lot 5,77,9
2025-06,Weekday afternoon,Surface lots,Lot 6,36,6
2025-06,Weekday afternoon,Surface lots,Lot 9,55,32
2025-06,Weekday evening,On-street,Zone 1,468,131
2025-06,Weekday evening,On-street,Zone 2,320,117
2025-06,Weekday evening,On-street,Zone 3,415,128
2025-06,Weekday evening,Ramps,Ramp 2,739,66
2025-06,Weekday evening,Ramps,Ramp 3,505,78
2025-06,Weekday evening,Surface lots,Lot 1,117,42
2025-06,Weekday evening,Surface lots,Lot 13,27,4
2025-06,Weekday evening,Surface lots,Lot 20,36,2
2025-06,Weekday evening,Surface lots,Lot 5,77,15
2025-06,Weekday evening,Surface lots,Lot 6,36,2
2025-06,Weekday evening,Surface lots,Lot 9,55,10
2025-06,Weekend evening,On-street,Zone 1,468,176
2025-06,Weekend evening,On-street,Zone 2,320,157
2025-06,Weekend evening,On-street,Zone 3,415,172
2025-06,Weekend evening,Ramps,Ramp 2,739,65
2025-06,Weekend evening,Ramps,Ramp 3,505,80
2025-06,Weekend evening,Surface lots,Lot 1,117,25
2025-06,Weekend evening,Surface lots,Lot 13,27,8
2025-06,Weekend evening,Surface lots,Lot 20,36,1
2025-06,Weekend evening,Surface lots,Lot 5,77,18
2025-06,Weekend evening,Surface lots,Lot 6,36,3
2025-06,Weekend evening,Surface lots,Lot 9,55,10
2025-07,Weekday afternoon,On-street,Zone 1,468,173
2025-07,Weekday afternoon,On-street,Zone 2,320,112
2025-07,Weekday afternoon,On-street,Zone 3,415,144
2025-07,Weekday afternoon,Ramps,Ramp 2,739,257
2025-07,Weekday afternoon,Ramps,Ramp 3,505,156
2025-07,Weekday afternoon,Surface lots,Lot 1,117,58
2025-07,Weekday afternoon,Surface lots,Lot 13,27,11
2025-07,Weekday afternoon,Surface lots,Lot 20,36,13
2025-07,Weekday afternoon,Surface lots,Lot 5,77,18
2025-07,Weekday afternoon,Surface lots,Lot 6,36,11
2025-07,Weekday afternoon,Surface lots,Lot 9,55,33
2025-07,Weekday evening,On-street,Zone 1,468,116
2025-07,Weekday evening,On-street,Zone 2,320,121
2025-07,Weekday evening,On-street,Zone 3,415,118
2025-07,Weekday evening,Ramps,Ramp 2,739,98
2025-07,Weekday evening,Ramps,Ramp 3,505,87
2025-07,Weekday evening,Surface lots,Lot 1,117,70
2025-07,Weekday evening,Surface lots,Lot 13,27,10
2025-07,Weekday evening,Surface lots,Lot 20,36,8
2025-07,Weekday evening,Surface lots,Lot 5,77,25
2025-07,Weekday evening,Surface lots,Lot 6,36,3
2025-07,Weekday evening,Surface lots,Lot 9,55,15
2025-07,Weekend evening,On-street,Zone 1,468,165
2025-07,Weekend evening,On-street,Zone 2,320,192
2025-07,Weekend evening,On-street,Zone 3,415,174
2025-07,Weekend evening,Ramps,Ramp 2,739,103
2025-07,Weekend evening,Ramps,Ramp 3,505,96
2025-07,Weekend evening,Surface lots,Lot 1,117,45
2025-07,Weekend evening,Surface lots,Lot 13,27,12
2025-07,Weekend evening,Surface lots,Lot 20,36,6
2025-07,Weekend evening,Surface lots,Lot 5,77,25
2025-07,Weekend evening,Surface lots,Lot 6,36,3
2025-07,Weekend evening,Surface lots,Lot 9,55,10
2025-08,Weekday afternoon,On-street,Zone 1,468,155
2025-08,Weekday afternoon,On-street,Zone 2,320,101
2025-08,Weekday afternoon,On-street,Zone 3,415,120
2025-08,Weekday afternoon,Ramps,Ramp 2,739,266
2025-08,Weekday afternoon,Ramps,Ramp 3,505,145
2025-08,Weekday afternoon,Surface lots,Lot 1,117,54
2025-08,Weekday afternoon,Surface lots,Lot 13,27,15
2025-08,Weekday afternoon,Surface lots,Lot 20,36,14
2025-08,Weekday afternoon,Surface lots,Lot 5,77,13
2025-08,Weekday afternoon,Surface lots,Lot 6,36,11
2025-08,Weekday afternoon,Surface lots,Lot 9,55,36
2025-08,Weekday evening,On-street,Zone 1,468,115
2025-08,Weekday evening,On-street,Zone 2,320,109
2025-08,Weekday evening,On-street,Zone 3,415,125
2025-08,Weekday evening,Ramps,Ramp 2,739,61
2025-08,Weekday evening,Ramps,Ramp 3,505,99
2025-08,Weekday evening,Surface lots,Lot 1,117,52
2025-08,Weekday evening,Surface lots,Lot 13,27,7
2025-08,Weekday evening,Surface lots,Lot 20,36,4
2025-08,Weekday evening,Surface lots,Lot 5,77,21
2025-08,Weekday evening,Surface lots,Lot 6,36,2
2025-08,Weekday evening,Surface lots,Lot 9,55,5
2025-08,Weekend evening,On-street,Zone 1,468,172
2025-08,Weekend evening,On-street,Zone 2,320,161
2025-08,Weekend evening,On-street,Zone 3,415,169
2025-08,Weekend evening,Ramps,Ramp 2,739,89
2025-08,Weekend evening,Ramps,Ramp 3,505,92
2025-08,Weekend evening,Surface lots,Lot 1,117,47
2025-08,Weekend evening,Surface lots,Lot 13,27,9
2025-08,Weekend evening,Surface lots,Lot 20,36,3
2025-08,Weekend evening,Surface lots,Lot 5,77,20
2025-08,Weekend evening,Surface lots,Lot 6,36,2
2025-08,Weekend evening,Surface lots,Lot 9,55,12
2025-09,Weekday afternoon,On-street,Zone 1,468,140
2025-09,Weekday afternoon,On-street,Zone 2,320,96
2025-09,Weekday afternoon,On-street,Zone 3,415,141
2025-09,Weekday afternoon,Ramps,Ramp 2,739,285
2025-09,Weekday afternoon,Ramps,Ramp 3,505,130
2025-09,Weekday afternoon,Surface lots,Lot 1,117,52
2025-09,Weekday afternoon,Surface lots,Lot 13,27,18
2025-09,Weekday afternoon,Surface lots,Lot 20,36,15
2025-09,Weekday afternoon,Surface lots,Lot 5,77,13
2025-09,Weekday afternoon,Surface lots,Lot 6,36,10
2025-09,Weekday afternoon,Surface lots,Lot 9,55,33
2025-09,Weekday evening,On-street,Zone 1,468,123
2025-09,Weekday evening,On-street,Zone 2,320,97
2025-09,Weekday evening,On-street,Zone 3,415,141
2025-09,Weekday evening,Ramps,Ramp 2,739,96
2025-09,Weekday evening,Ramps,Ramp 3,505,120
2025-09,Weekday evening,Surface lots,Lot 1,117,15
2025-09,Weekday evening,Surface lots,Lot 13,27,8
2025-09,Weekday evening,Surface lots,Lot 20,36,3
2025-09,Weekday evening,Surface lots,Lot 5,77,26
2025-09,Weekday evening,Surface lots,Lot 6,36,2
2025-09,Weekday evening,Surface lots,Lot 9,55,11
2025-09,Weekend evening,On-street,Zone 1,468,152
2025-09,Weekend evening,On-street,Zone 2,320,170
2025-09,Weekend evening,On-street,Zone 3,415,141
2025-09,Weekend evening,Ramps,Ramp 2,739,61
2025-09,Weekend evening,Ramps,Ramp 3,505,96
2025-09,Weekend evening,Surface lots,Lot 1,117,56
2025-09,Weekend evening,Surface lots,Lot 13,27,3
2025-09,Weekend evening,Surface lots,Lot 20,36,3
2025-09,Weekend evening,Surface lots,Lot 5,77,35
2025-09,Weekend evening,Surface lots,Lot 6,36,19
2025-09,Weekend evening,Surface lots,Lot 9,55,5
2025-10,Weekday afternoon,On-street,Zone 1,468,154
2025-10,Weekday afternoon,On-street,Zone 2,320,123
2025-10,Weekday afternoon,On-street,Zone 3,415,137
2025-10,Weekday afternoon,Ramps,Ramp 2,739,216
2025-10,Weekday afternoon,Ramps,Ramp 3,505,144
2025-10,Weekday afternoon,Surface lots,Lot 1,117,61
2025-10,Weekday afternoon,Surface lots,Lot 13,27,14
2025-10,Weekday afternoon,Surface lots,Lot 20,36,11
2025-10,Weekday afternoon,Surface lots,Lot 5,77,19
2025-10,Weekday afternoon,Surface lots,Lot 6,36,9
2025-10,Weekday afternoon,Surface lots,Lot 9,55,31
2025-10,Weekday evening,On-street,Zone 1,468,176
2025-10,Weekday evening,On-street,Zone 2,320,137
2025-10,Weekday evening,On-street,Zone 3,415,106
2025-10,Weekday evening,Ramps,Ramp 2,739,72
2025-10,Weekday evening,Ramps,Ramp 3,505,65
2025-10,Weekday evening,Surface lots,Lot 1,117,42
2025-10,Weekday evening,Surface lots,Lot 13,27,12
2025-10,Weekday evening,Surface lots,Lot 20,36,3
2025-10,Weekday evening,Surface lots,Lot 5,77,9
2025-10,Weekday evening,Surface lots,Lot 6,36,0
2025-10,Weekday evening,Surface lots,Lot 9,55,8
2025-10,Weekend evening,On-street,Zone 1,468,151
2025-10,Weekend evening,On-street,Zone 2,320,114
2025-10,Weekend evening,On-street,Zone 3,415,125
2025-10,Weekend evening,Ramps,Ramp 2,739,78
2025-10,Weekend evening,Ramps,Ramp 3,505,108
2025-10,Weekend evening,Surface lots,Lot 1,117,29
2025-10,Weekend evening,Surface lots,Lot 13,27,6
2025-10,Weekend evening,Surface lots,Lot 20,36,4
2025-10,Weekend evening,Surface lots,Lot 5,77,15
2025-10,Weekend evening,Surface lots,Lot 6,36,14
2025-10,Weekend evening,Surface lots,Lot 9,55,11
2025-11,Weekday afternoon,On-street,Zone 1,468,172
2025-11,Weekday afternoon,On-street,Zone 2,320,165
2025-11,Weekday afternoon,On-street,Zone 3,415,137
2025-11,Weekday afternoon,Ramps,Ramp 2,739,271
2025-11,Weekday afternoon,Ramps,Ramp 3,505,165
2025-11,Weekday afternoon,Surface lots,Lot 1,117,67
2025-11,Weekday afternoon,Surface lots,Lot 13,27,15
2025-11,Weekday afternoon,Surface lots,Lot 20,36,12
2025-11,Weekday afternoon,Surface lots,Lot 5,77,11
2025-11,Weekday afternoon,Surface lots,Lot 6,36,5
2025-11,Weekday afternoon,Surface lots,Lot 9,55,23
2025-11,Weekday evening,On-street,Zone 1,468,172
2025-11,Weekday evening,On-street,Zone 2,320,165
2025-11,Weekday evening,On-street,Zone 3,415,137
2025-11,Weekday evening,Ramps,Ramp 2,739,101
2025-11,Weekday evening,Ramps,Ramp 3,505,98
2025-11,Weekday evening,Surface lots,Lot 1,117,55
2025-11,Weekday evening,Surface lots,Lot 13,27,11
2025-11,Weekday evening,Surface lots,Lot 20,36,4
2025-11,Weekday evening,Surface lots,Lot 5,77,8
2025-11,Weekday evening,Surface lots,Lot 6,36,2
2025-11,Weekday evening,Surface lots,Lot 9,55,7
2025-11,Weekend evening,On-street,Zone 1,468,132
2025-11,Weekend evening,On-street,Zone 2,320,186
2025-11,Weekend evening,On-street,Zone 3,415,175
2025-11,Weekend evening,Ramps,Ramp 2,739,82
2025-11,Weekend evening,Ramps,Ramp 3,505,112
2025-11,Weekend evening,Surface lots,Lot 1,117,58
2025-11,Weekend evening,Surface lots,Lot 13,27,7
2025-11,Weekend evening,Surface lots,Lot 20,36,5
2025-11,Weekend evening,Surface lots,Lot 5,77,12
2025-11,Weekend evening,Surface lots,Lot 6,36,4
2025-11,Weekend evening,Surface lots,Lot 9,55,6
2025-12,Weekday afternoon,On-street,Zone 1,468,152
2025-12,Weekday afternoon,On-street,Zone 2,320,137
2025-12,Weekday afternoon,On-street,Zone 3,415,121
2025-12,Weekday afternoon,Ramps,Ramp 2,739,264
2025-12,Weekday afternoon,Ramps,Ramp 3,505,172
2025-12,Weekday afternoon,Surface lots,Lot 1,117,72
2025-12,Weekday afternoon,Surface lots,Lot 13,27,13
2025-12,Weekday afternoon,Surface lots,Lot 20,36,13
2025-12,Weekday afternoon,Surface lots,Lot 5,77,10
2025-12,Weekday afternoon,Surface lots,Lot 6,36,8
2025-12,Weekday afternoon,Surface lots,Lot 9,55,32
2025-12,Weekday evening,On-street,Zone 1,468,163
2025-12,Weekday evening,On-street,Zone 2,320,142
2025-12,Weekday evening,On-street,Zone 3,415,129
2025-12,Weekday evening,Ramps,Ramp 2,739,84
2025-12,Weekday evening,Ramps,Ramp 3,505,92
2025-12,Weekday evening,Surface lots,Lot 1,117,53
2025-12,Weekday evening,Surface lots,Lot 13,27,12
2025-12,Weekday evening,Surface lots,Lot 20,36,3
2025-12,Weekday evening,Surface lots,Lot 5,77,7
2025-12,Weekday evening,Surface lots,Lot 6,36,1
2025-12,Weekday evening,Surface lots,Lot 9,55,8
2025-12,Weekend evening,On-street,Zone 1,468,141
2025-12,Weekend evening,On-street,Zone 2,320,121
2025-12,Weekend evening,On-street,Zone 3,415,118
2025-12,Weekend evening,Ramps,Ramp 2,739,92
2025-12,Weekend evening,Ramps,Ramp 3,505,121
2025-12,Weekend evening,Surface lots,Lot 1,117,63
2025-12,Weekend evening,Surface lots,Lot 13,27,8
2025-12,Weekend evening,Surface lots,Lot 20,36,4
2025-12,Weekend evening,Surface lots,Lot 5,77,14
2025-12,Weekend evening,Surface lots,Lot 6,36,1
2025-12,Weekend evening,Surface lots,Lot 9,55,8
2026-01,Weekday afternoon,On-street,Zone 1,468,173
2026-01,Weekday afternoon,On-street,Zone 2,320,107
2026-01,Weekday afternoon,On-street,Zone 3,415,163
2026-01,Weekday afternoon,Ramps,Ramp 2,739,212
2026-01,Weekday afternoon,Ramps,Ramp 3,505,149
2026-01,Weekday afternoon,Surface lots,Lot 1,117,75
2026-01,Weekday afternoon,Surface lots,Lot 13,27,15
2026-01,Weekday afternoon,Surface lots,Lot 5,77,14
2026-01,Weekday afternoon,Surface lots,Lot 6,36,2
2026-01,Weekday afternoon,Surface lots,Lot 9,55,23
2026-01,Weekday evening,On-street,Zone 1,468,147
2026-01,Weekday evening,On-street,Zone 2,320,159
2026-01,Weekday evening,On-street,Zone 3,415,169
2026-01,Weekday evening,Ramps,Ramp 2,739,82
2026-01,Weekday evening,Ramps,Ramp 3,505,112
2026-01,Weekday evening,Surface lots,Lot 1,117,64
2026-01,Weekday evening,Surface lots,Lot 13,27,12
2026-01,Weekday evening,Surface lots,Lot 5,77,10
2026-01,Weekday evening,Surface lots,Lot 6,36,2
2026-01,Weekday evening,Surface lots,Lot 9,55,8
2026-01,Weekend evening,On-street,Zone 1,468,143
2026-01,Weekend evening,On-street,Zone 2,320,159
2026-01,Weekend evening,On-street,Zone 3,415,169
2026-01,Weekend evening,Ramps,Ramp 2,739,93
2026-01,Weekend evening,Ramps,Ramp 3,505,134
2026-01,Weekend evening,Surface lots,Lot 1,117,43
2026-01,Weekend evening,Surface lots,Lot 13,27,11
2026-01,Weekend evening,Surface lots,Lot 5,77,17
2026-01,Weekend evening,Surface lots,Lot 6,36,13
2026-01,Weekend evening,Surface lots,Lot 9,55,7
2026-02,Weekday afternoon,On-street,Zone 1,468,135
2026-02,Weekday afternoon,On-street,Zone 2,320,120
2026-02,Weekday afternoon,On-street,Zone 3,415,133
2026-02,Weekday afternoon,Ramps,Ramp 2,739,221
2026-02,Weekday afternoon,Ramps,Ramp 3,505,153
2026-02,Weekday afternoon,Surface lots,Lot 1,117,67
2026-02,Weekday afternoon,Surface lots,Lot 13,27,14
2026-02,Weekday afternoon,Surface lots,Lot 5,77,10
2026-02,Weekday afternoon,Surface lots,Lot 6,36,7
2026-02,Weekday afternoon,Surface lots,Lot 9,55,24
2026-02,Weekday evening,On-street,Zone 1,468,154
2026-02,Weekday evening,On-street,Zone 2,320,161
2026-02,Weekday evening,On-street,Zone 3,415,158
2026-02,Weekday evening,Ramps,Ramp 2,739,85
2026-02,Weekday evening,Ramps,Ramp 3,505,97
2026-02,Weekday evening,Surface lots,Lot 1,117,47
2026-02,Weekday evening,Surface lots,Lot 13,27,12
2026-02,Weekday evening,Surface lots,Lot 5,77,9
2026-02,Weekday evening,Surface lots,Lot 6,36,2
2026-02,Weekday evening,Surface lots,Lot 9,55,10
2026-02,Weekend evening,On-street,Zone 1,468,186
2026-02,Weekend evening,On-street,Zone 2,320,174
2026-02,Weekend evening,On-street,Zone 3,415,148
2026-02,Weekend evening,Ramps,Ramp 2,739,113
2026-02,Weekend evening,Ramps,Ramp 3,505,167
2026-02,Weekend evening,Surface lots,Lot 1,117,35
2026-02,Weekend evening,Surface lots,Lot 13,27,2
2026-02,Weekend evening,Surface lots,Lot 5,77,15
2026-02,Weekend evening,Surface lots,Lot 6,36,10
2026-02,Weekend evening,Surface lots,Lot 9,55,10
2026-03,Weekday afternoon,On-street,Zone 1,468,211
2026-03,Weekday afternoon,On-street,Zone 2,320,128
2026-03,Weekday afternoon,On-street,Zone 3,415,166
2026-03,Weekday afternoon,Ramps,Ramp 2,739,241
2026-03,Weekday afternoon,Ramps,Ramp 3,505,145
2026-03,Weekday afternoon,Surface lots,Lot 1,117,51
2026-03,Weekday afternoon,Surface lots,Lot 13,27,21
2026-03,Weekday afternoon,Surface lots,Lot 5,77,18
2026-03,Weekday afternoon,Surface lots,Lot 6,36,7
2026-03,Weekday afternoon,Surface lots,Lot 9,55,21
2026-03,Weekday evening,On-street,Zone 1,468,162
2026-03,Weekday evening,On-street,Zone 2,320,154
2026-03,Weekday evening,On-street,Zone 3,415,163
2026-03,Weekday evening,Ramps,Ramp 2,739,81
2026-03,Weekday evening,Ramps,Ramp 3,505,102
2026-03,Weekday evening,Surface lots,Lot 1,117,52
2026-03,Weekday evening,Surface lots,Lot 13,27,13
2026-03,Weekday evening,Surface lots,Lot 5,77,10
2026-03,Weekday evening,Surface lots,Lot 6,36,2
2026-03,Weekday evening,Surface lots,Lot 9,55,9
2026-03,Weekend evening,On-street,Zone 1,468,217
2026-03,Weekend evening,On-street,Zone 2,320,185
2026-03,Weekend evening,On-street,Zone 3,415,192
2026-03,Weekend evening,Ramps,Ramp 2,739,107
2026-03,Weekend evening,Ramps,Ramp 3,505,154
2026-03,Weekend evening,Surface lots,Lot 1,117,52
2026-03,Weekend evening,Surface lots,Lot 13,27,15
2026-03,Weekend evening,Surface lots,Lot 5,77,12
2026-03,Weekend evening,Surface lots,Lot 6,36,5
2026-03,Weekend evening,Surface lots,Lot 9,55,12
2026-04,Weekday afternoon,On-street,Zone 1,468,169
2026-04,Weekday afternoon,On-street,Zone 2,320,92
2026-04,Weekday afternoon,On-street,Zone 3,415,156
2026-04,Weekday afternoon,Ramps,Ramp 2,739,262
2026-04,Weekday afternoon,Ramps,Ramp 3,505,160
2026-04,Weekday afternoon,Surface lots,Lot 1,117,65
2026-04,Weekday afternoon,Surface lots,Lot 13,27,17
2026-04,Weekday afternoon,Surface lots,Lot 5,77,20
2026-04,Weekday afternoon,Surface lots,Lot 6,36,6
2026-04,Weekday afternoon,Surface lots,Lot 9,55,17
2026-04,Weekday evening,On-street,Zone 1,468,147
2026-04,Weekday evening,On-street,Zone 2,320,149
2026-04,Weekday evening,On-street,Zone 3,415,158
2026-04,Weekday evening,Ramps,Ramp 2,739,106
2026-04,Weekday evening,Ramps,Ramp 3,505,101
2026-04,Weekday evening,Surface lots,Lot 1,117,43
2026-04,Weekday evening,Surface lots,Lot 13,27,10
2026-04,Weekday evening,Surface lots,Lot 5,77,19
2026-04,Weekday evening,Surface lots,Lot 6,36,8
2026-04,Weekday evening,Surface lots,Lot 9,55,8
2026-04,Weekend evening,On-street,Zone 1,468,192
2026-04,Weekend evening,On-street,Zone 2,320,178
2026-04,Weekend evening,On-street,Zone 3,415,159
2026-04,Weekend evening,Ramps,Ramp 2,739,110
2026-04,Weekend evening,Ramps,Ramp 3,505,147
2026-04,Weekend evening,Surface lots,Lot 1,117,55
2026-04,Weekend evening,Surface lots,Lot 13,27,13
2026-04,Weekend evening,Surface lots,Lot 5,77,14
2026-04,Weekend evening,Surface lots,Lot 6,36,2
2026-04,Weekend evening,Surface lots,Lot 9,55,8
2026-05,Weekday afternoon,On-street,Zone 1,468,321
2026-05,Weekday afternoon,On-street,Zone 2,320,93
2026-05,Weekday afternoon,On-street,Zone 3,415,136
2026-05,Weekday afternoon,Ramps,Ramp 2,739,272
2026-05,Weekday afternoon,Ramps,Ramp 3,505,126
2026-05,Weekday afternoon,Surface lots,Lot 1,117,60
2026-05,Weekday afternoon,Surface lots,Lot 13,27,14
2026-05,Weekday afternoon,Surface lots,Lot 5,77,20
2026-05,Weekday afternoon,Surface lots,Lot 6,36,7
2026-05,Weekday afternoon,Surface lots,Lot 9,55,22
2026-05,Weekday evening,On-street,Zone 1,468,153
2026-05,Weekday evening,On-street,Zone 2,320,152
2026-05,Weekday evening,On-street,Zone 3,415,163
2026-05,Weekday evening,Ramps,Ramp 2,739,82
2026-05,Weekday evening,Ramps,Ramp 3,505,99
2026-05,Weekday evening,Surface lots,Lot 1,117,55
2026-05,Weekday evening,Surface lots,Lot 13,27,11
2026-05,Weekday evening,Surface lots,Lot 5,77,12
2026-05,Weekday evening,Surface lots,Lot 6,36,3
2026-05,Weekday evening,Surface lots,Lot 9,55,9
2026-05,Weekend evening,On-street,Zone 1,468,176
2026-05,Weekend evening,On-street,Zone 2,320,162
2026-05,Weekend evening,On-street,Zone 3,415,155
2026-05,Weekend evening,Ramps,Ramp 2,739,70
2026-05,Weekend evening,Ramps,Ramp 3,505,130
2026-05,Weekend evening,Surface lots,Lot 1,117,76
2026-05,Weekend evening,Surface lots,Lot 13,27,10
2026-05,Weekend evening,Surface lots,Lot 5,77,24
2026-05,Weekend evening,Surface lots,Lot 6,36,9
2026-05,Weekend evening,Surface lots,Lot 9,55,8
2026-06,Weekday afternoon,On-street,Zone 1,468,210
2026-06,Weekday afternoon,On-street,Zone 2,320,98
2026-06,Weekday afternoon,On-street,Zone 3,415,171
2026-06,Weekday afternoon,Ramps,Ramp 2,739,265
2026-06,Weekday afternoon,Ramps,Ramp 3,505,147
2026-06,Weekday afternoon,Surface lots,Lot 1,117,63
2026-06,Weekday afternoon,Surface lots,Lot 13,27,15
2026-06,Weekday afternoon,Surface lots,Lot 5,77,17
2026-06,Weekday afternoon,Surface lots,Lot 6,36,7
2026-06,Weekday afternoon,Surface lots,Lot 9,55,16
2026-06,Weekday evening,On-street,Zone 1,468,164
2026-06,Weekday evening,On-street,Zone 2,320,157
2026-06,Weekday evening,On-street,Zone 3,415,152
2026-06,Weekday evening,Ramps,Ramp 2,739,84
2026-06,Weekday evening,Ramps,Ramp 3,505,103
2026-06,Weekday evening,Surface lots,Lot 1,117,42
2026-06,Weekday evening,Surface lots,Lot 13,27,12
2026-06,Weekday evening,Surface lots,Lot 5,77,13
2026-06,Weekday evening,Surface lots,Lot 6,36,0
2026-06,Weekday evening,Surface lots,Lot 9,55,8
2026-06,Weekend evening,On-street,Zone 1,468,181
2026-06,Weekend evening,On-street,Zone 2,320,172
2026-06,Weekend evening,On-street,Zone 3,415,149
2026-06,Weekend evening,Ramps,Ramp 2,739,88
2026-06,Weekend evening,Ramps,Ramp 3,505,139
2026-06,Weekend evening,Surface lots,Lot 1,117,63
2026-06,Weekend evening,Surface lots,Lot 13,27,12
2026-06,Weekend evening,Surface lots,Lot 5,77,17
2026-06,Weekend evening,Surface lots,Lot 6,36,2
2026-06,Weekend evening,Surface lots,Lot 9,55,8
